"sizes","dt_scipy","dt_scipy_std","dt_fenz","dt_fenz_std","sizes_3D","dt_scipy_3D","dt_scipy_std_3D","dt_fenz_3D","dt_fenz_std_3D"
1,8.051623929032258e6,3.5692859669325887e6,32669.0437,22212.254316803905,1,5.051251012133468e6,643977.5887275615,21692.0993,15563.983202418076
2601,5.5680947249443205e6,418298.6940893441,117632.4249,496093.2227113017,9025049634828550939,2.5465023512690354e7,956868.6451258212,4.586097067157314e6,2.1775846263789115e6
10201,6.152815678571428e6,667345.7434582122,292716.3356,651548.2428650454,5062875838873911181,1.6737862506666666e8,4.585567767536082e6,3.1276041925e7,6.900746581397817e6
22801,7.111725216216216e6,616186.5168054942,799628.0479716677,1.1374200730250215e6,-7184033318887186841,5.680701576666666e8,1.3995788781098807e7,1.338469715263158e8,1.1646597452469097e7
