"sizes_hd","hd_scipy","hd_scipy_std","hd_fenz","hd_fenz_std","sizes_hd_3D","hd_scipy_3D","hd_scipy_std_3D","hd_fenz_3D","hd_fenz_std_3D"
1,9.775329830078125e6,565308.8588587899,39594.314,23591.00802736879,1,9.828105271119842e6,100412.8464776753,35400.1411,15666.132518972288
2601,1.0493239312368972e7,1.0658965445690854e6,161055.2166,583635.0247528987,132651,5.1611402948453605e7,1.4754362723356704e6,6.865585116758241e6,2.362568936674402e6
10201,1.3134985698162729e7,3.944736359417291e6,414451.0384,830990.6723097555,1030301,3.3411308626666665e8,2.9766987018156173e6,5.6273663e7,6.738847237112682e6
22801,1.4456361023121387e7,743657.7239418016,806897.8371904839,912477.3240083726,3442951,1.13443345e9,7.905010007312799e6,2.6444081147368422e8,3.011076362241373e7
