,Model,Best Epoch,Dice Score,Hausdorff Distance,95 Percentile Hausdorff Distance,IoU Score
0,Plain Dice Loss,548,0.9520286917686462,18.120756149291992,1.720586895942688,0.9092641472816467
