Loss Function,Minimum Time (s),Standard Deviation (s)
Dice Loss,0.001347820000091815,0.0005107598109283832
HD Loss (SciPy),14.535126893999973,0.07872810687921651
HD Loss (PyDT),0.025432017000071028,0.0003047512783530375
