{
  "3D_Size_2": 85.703125,
  "2D_Size_128": 0.71875,
  "2D_Size_1024": 21.71875,
  "3D_Size_64": 90.90625,
  "3D_Size_256": 415.609375,
  "2D_Size_512": 5.71875,
  "3D_Size_4": 85.703125,
  "2D_Size_64": 0.46875,
  "2D_Size_256": 1.71875,
  "2D_Size_16": 0.375,
  "2D_Size_4096": 341.75,
  "3D_Size_128": 127.046875,
  "3D_Size_1": 85.703125,
  "2D_Size_2048": 85.734375,
  "2D_Size_8": 0.375,
  "3D_Size_16": 85.796875,
  "3D_Size_8": 85.703125,
  "3D_Size_32": 86.359375,
  "2D_Size_32": 0.375
}
