{
  "3D_Size_2": 29193.29296875,
  "2D_Size_128": 29193.29296875,
  "2D_Size_1024": 29193.29296875,
  "3D_Size_64": 29193.29296875,
  "3D_Size_256": 29193.29296875,
  "2D_Size_512": 29193.29296875,
  "3D_Size_4": 29193.29296875,
  "2D_Size_64": 29193.29296875,
  "2D_Size_256": 29193.29296875,
  "2D_Size_16": 29193.29296875,
  "2D_Size_4096": 29193.29296875,
  "3D_Size_128": 29193.29296875,
  "3D_Size_1": 29193.29296875,
  "2D_Size_2048": 29193.29296875,
  "2D_Size_8": 29193.29296875,
  "3D_Size_16": 29193.29296875,
  "3D_Size_8": 29193.29296875,
  "3D_Size_32": 29193.29296875,
  "2D_Size_32": 29193.29296875
}
