sizes,cpu timings,gpu timings
8,10809.0,28506.0
16,11875.0,28844.0
32,19512.0,30795.0
64,33940.0,30800.0
128,87939.0,31262.0
256,297958.0,33416.0
512,1.208403e6,50926.0
1024,6.398229e6,181642.0
2048,3.0158913e7,646571.0
4096,1.85507719e8,2.100743e6
