"Loss Function","Dice Metric (90%)","Hausdorff Metric (10%, mm)"
"Dice Loss",0.8194056895099407,9.1104335791443
"HD-Dice Loss",0.8822920872573305,5.196152422706632
